customer_id,machine_id,base_lat,base_lon
CUST001,MCH0010001,-24.464113545330875,145.93678698888954
CUST001,MCH0010002,-18.906587375223673,119.10562491085649
CUST001,MCH0010003,-12.924119439809747,142.5160035398614
CUST001,MCH0010004,-16.999617436545492,120.29678850691165
CUST001,MCH0010005,-24.216702335245305,128.8150106505636
CUST001,MCH0010006,-13.974552739755058,138.39966571483131
CUST001,MCH0010007,-16.210625314677156,131.36383837883932
CUST001,MCH0010008,-29.014367481627296,135.2659260242558
CUST001,MCH0010009,-32.52792899376023,144.84985413693963
CUST001,MCH0010010,-20.319215418875604,142.40887967699663
CUST001,MCH0010011,-26.277691685207827,149.8715006562611
CUST001,MCH0010012,-14.697895891572749,143.12126074728906
CUST001,MCH0010013,-29.715267781182696,132.1819072308189
CUST001,MCH0010014,-32.95821903557458,121.21556117157093
CUST001,MCH0010015,-19.214447505287225,141.94115167236438
CUST001,MCH0010016,-13.098540752664483,127.23647007064913
CUST001,MCH0010017,-25.935116320250316,132.28140897578086
CUST001,MCH0010018,-29.826365779687855,120.36024483727505
CUST001,MCH0010019,-23.672344086142424,123.76451815168603
CUST001,MCH0010020,-19.498999114326026,131.1440323524188
CUST001,MCH0010021,-15.997418784756494,140.37930508027895
CUST001,MCH0010022,-27.184117210286114,145.01231902897155
CUST001,MCH0010023,-16.59756631381876,129.40049110395913
CUST001,MCH0010024,-27.70094576549975,139.75559218952165
CUST001,MCH0010025,-30.89532160239984,122.8167779068763
CUST001,MCH0010026,-33.74171120035338,143.42104565032506
CUST001,MCH0010027,-19.605706583271306,140.55130478978435
CUST002,MCH0020001,-17.11432583302769,131.90794372139572
CUST002,MCH0020002,-21.672064287012784,120.70687463428078
CUST002,MCH0020003,-31.43760341897657,139.26094395884556
CUST002,MCH0020004,-23.771431567922647,135.63978733748974
CUST002,MCH0020005,-17.45252456555545,138.07861303202074
CUST002,MCH0020006,-21.99804288585309,135.428171342164
CUST002,MCH0020007,-27.36507289165384,116.88170599333468
CUST002,MCH0020008,-24.51057613150421,123.33192201596547
CUST002,MCH0020009,-25.116634159920324,145.75444787171264
CUST002,MCH0020010,-28.870301053895172,117.84642623328621
CUST002,MCH0020011,-27.850246321527074,126.1051408976106
CUST002,MCH0020012,-19.668794933371757,135.35182854717888
CUST002,MCH0020013,-17.046188504212108,139.1174052654913
CUST002,MCH0020014,-25.16268247903848,144.3721155017778
CUST002,MCH0020015,-30.310082221984366,116.5971937669985
CUST002,MCH0020016,-31.963970993323702,141.1548132059354
CUST002,MCH0020017,-23.969639549595172,121.46063944407942
CUST002,MCH0020018,-23.127537335277683,121.14615480523221
CUST002,MCH0020019,-18.929111935828672,131.46008527264848
CUST002,MCH0020020,-25.708043638925623,126.38307432909046
CUST002,MCH0020021,-20.3489242479439,128.499622630424
CUST002,MCH0020022,-32.015526734703826,119.94200716443008
CUST002,MCH0020023,-13.219200212185434,147.691182243837
CUST002,MCH0020024,-18.856296623068882,125.13203564722913
CUST002,MCH0020025,-13.062707887023937,143.1341567291994
CUST002,MCH0020026,-18.486860933081594,131.572588725247
CUST002,MCH0020027,-28.04680642032908,119.18332277158783
CUST002,MCH0020028,-14.494048474307402,131.79774777315976
CUST002,MCH0020029,-29.549187656902546,126.5390775076879
CUST002,MCH0020030,-21.446779267749235,122.00472468116703
CUST002,MCH0020031,-15.482792892013926,142.42403549721587
CUST002,MCH0020032,-18.431546447054856,130.96646569610613
CUST002,MCH0020033,-20.412859924897468,136.301838708837
CUST002,MCH0020034,-19.92829806657137,118.76399567201011
CUST002,MCH0020035,-24.960140853331893,117.26065750255242
CUST002,MCH0020036,-23.279197386242842,127.37812855288077
CUST002,MCH0020037,-30.79272993937999,119.42944416706156
CUST002,MCH0020038,-21.265641698179188,121.7878131956447
CUST002,MCH0020039,-14.009917454898858,136.19524600348387
CUST002,MCH0020040,-26.442299202501,136.54113375099774
CUST002,MCH0020041,-33.4097167728615,149.44542838477474
CUST002,MCH0020042,-23.530476105727644,143.27400647648506
CUST002,MCH0020043,-32.12130500166757,132.88170741241942
CUST002,MCH0020044,-23.349799621377798,148.7177085696219
CUST002,MCH0020045,-21.607846873914376,132.4194779770991
CUST002,MCH0020046,-28.160023243524286,127.43807180672358
CUST002,MCH0020047,-22.705543346861937,131.20579225670713
CUST002,MCH0020048,-33.435340282572895,144.80284653922197
CUST003,MCH0030001,-30.884644586529866,135.24666863822063
CUST003,MCH0030002,-31.56562156558796,139.39562726569739
CUST003,MCH0030003,-27.85347364746132,138.94573447768576
CUST003,MCH0030004,-18.26961579283202,142.77952696630976
CUST003,MCH0030005,-31.58356966194822,147.95201576433004
CUST003,MCH0030006,-28.950399195760063,117.1131807217839
CUST003,MCH0030007,-21.970671908083105,128.8193721635716
CUST003,MCH0030008,-16.059520522653116,144.169626669457
CUST003,MCH0030009,-27.08151380431162,149.24676876694804
CUST003,MCH0030010,-27.64526647998745,133.8785052360332
CUST003,MCH0030011,-28.39675055279654,148.6551293087186
CUST003,MCH0030012,-30.36093192198661,117.37636274067074
CUST003,MCH0030013,-24.545413209934683,150.6323822983599
CUST003,MCH0030014,-14.72893877551935,142.0761414829389
CUST003,MCH0030015,-14.747961446111713,147.159977053395
CUST003,MCH0030016,-22.744545251691342,126.88910971926083
CUST003,MCH0030017,-17.301732709613756,139.0243103371884
CUST003,MCH0030018,-25.86635882921523,119.11578004895918
CUST003,MCH0030019,-17.84402335599594,125.01236410889256
CUST003,MCH0030020,-13.758517263523746,124.25806718269953
CUST003,MCH0030021,-31.26070445315305,144.9720547915842
CUST003,MCH0030022,-30.604387192573377,122.09231761633664
CUST003,MCH0030023,-21.013269982301864,146.497127633395
CUST003,MCH0030024,-29.676654687136676,126.69236091879333
CUST003,MCH0030025,-17.18579597781468,149.91110755473994
CUST004,MCH0040001,-23.13406449664964,120.8508023395489
CUST004,MCH0040002,-33.60036981427366,123.86092665295982
CUST004,MCH0040003,-31.065822317589795,139.5858194438113
CUST004,MCH0040004,-31.28060115048658,133.57218059988423
CUST004,MCH0040005,-18.97335763367794,136.19719298365368
CUST004,MCH0040006,-29.60482348930876,144.02477086899742
CUST004,MCH0040007,-18.518746713260263,141.7383385374355
CUST004,MCH0040008,-31.082258341517765,120.14375850812709
CUST004,MCH0040009,-13.957405153360085,129.75499460325543
CUST004,MCH0040010,-27.429603126709793,132.9492999918388
CUST004,MCH0040011,-19.648419425582976,149.34237632234866
CUST004,MCH0040012,-27.741406122035816,148.26077586885216
CUST004,MCH0040013,-33.36552093519549,135.28745128567155
CUST004,MCH0040014,-20.269535098856668,119.51699887165144
CUST004,MCH0040015,-30.882698663125876,130.51091260800226
CUST004,MCH0040016,-13.126013888921591,136.72109361852648
CUST004,MCH0040017,-13.840000735595456,144.03306813801527
CUST004,MCH0040018,-23.85129556656123,143.3451970687518
CUST004,MCH0040019,-33.51650914449476,119.63095428647729
CUST004,MCH0040020,-16.06728478002117,143.76827980021318
CUST004,MCH0040021,-28.898224047721676,134.4300126300268
CUST004,MCH0040022,-20.870659854949764,146.257637277538
CUST004,MCH0040023,-20.9331961172174,130.28126208150618
CUST004,MCH0040024,-25.855043066745573,130.7484612317102
CUST004,MCH0040025,-19.883482950030555,146.24892117450662
CUST004,MCH0040026,-24.141217035359553,124.49916865959267
CUST004,MCH0040027,-28.811759195552003,141.98510123654498
CUST004,MCH0040028,-16.343771586385927,119.49526060287978
CUST004,MCH0040029,-32.468984575463665,136.66462159785146
CUST004,MCH0040030,-30.757275249856985,144.7457130850176
CUST004,MCH0040031,-27.2278045106324,120.8499048472871
CUST004,MCH0040032,-14.09913484151982,121.61016346800827
CUST004,MCH0040033,-27.778518229734384,121.19183017124125
CUST004,MCH0040034,-31.416963631194868,116.54229537340905
CUST004,MCH0040035,-32.70899870296841,121.92991562984842
CUST004,MCH0040036,-32.75228844851573,136.5491479454951
CUST004,MCH0040037,-19.26463767381061,129.61642903480418
CUST004,MCH0040038,-27.063191415530937,133.50887091948027
CUST004,MCH0040039,-15.087393741955914,145.67472010145943
CUST004,MCH0040040,-32.96528616672497,122.170594176838
CUST004,MCH0040041,-28.809985271255485,124.55350391171064
CUST004,MCH0040042,-21.618497987530386,130.41081114218204
CUST004,MCH0040043,-32.84103642155673,128.91385625993095
CUST004,MCH0040044,-22.6393116025708,119.36868379192043
CUST004,MCH0040045,-15.980641093545966,117.62386151292516
CUST004,MCH0040046,-14.015899816111663,119.27887126945363
CUST004,MCH0040047,-15.763138540648313,147.48312535185937
CUST004,MCH0040048,-12.839230367388257,143.95110839760315
CUST004,MCH0040049,-17.141232873416428,138.35116298744373
CUST004,MCH0040050,-17.151578376570225,120.52278251530146
CUST004,MCH0040051,-22.3745372271258,133.84922274368355
CUST004,MCH0040052,-15.46219890136501,132.0442577323324
CUST005,MCH0050001,-20.14938966840213,125.15286244427969
CUST005,MCH0050002,-30.894979164489925,132.5734923182335
CUST005,MCH0050003,-24.93687857520997,123.96320491256347
CUST005,MCH0050004,-25.998496082524746,128.66037498890128
CUST005,MCH0050005,-26.85884536513027,129.1191891984152
CUST005,MCH0050006,-19.156518072697175,126.22036425745212
CUST005,MCH0050007,-13.49955457562018,147.96381548579006
CUST005,MCH0050008,-23.56042579154831,127.32547829566458
CUST005,MCH0050009,-22.38815201865493,145.5844731559542
CUST005,MCH0050010,-19.869372177957807,144.03415316094242
CUST005,MCH0050011,-22.446471064586582,138.0154087872935
CUST005,MCH0050012,-27.70465429507707,141.5947499970912
CUST005,MCH0050013,-29.548301247797056,140.1874143215293
CUST005,MCH0050014,-15.394540030993277,120.4368095892842
CUST005,MCH0050015,-20.690835578348725,119.1378607628707
CUST005,MCH0050016,-18.29711399216432,118.76571198070556
CUST005,MCH0050017,-13.777293811936538,120.62301834432685
CUST005,MCH0050018,-13.28407471295477,143.9110345805869
CUST005,MCH0050019,-21.135836903973384,143.2701060724971
CUST005,MCH0050020,-16.80503096186365,149.0055499048883
CUST005,MCH0050021,-28.452257892457474,136.51166392707665
CUST005,MCH0050022,-31.856442252365373,137.42741607084668
CUST005,MCH0050023,-30.21723696200504,135.6297664626827
CUST005,MCH0050024,-21.59274394827223,132.15607886964108
CUST005,MCH0050025,-22.66341682646786,142.61371098923124
CUST005,MCH0050026,-16.716238594990568,133.07457786669755
CUST005,MCH0050027,-21.008741007263836,148.48639187272258
CUST005,MCH0050028,-31.325727847225856,119.91033516309388
CUST005,MCH0050029,-32.01425624391848,138.89100130492253
CUST005,MCH0050030,-24.89992153300684,142.9786817065787
CUST005,MCH0050031,-19.468524613865256,127.51068531732116
CUST005,MCH0050032,-14.585119231726981,142.5648783621799
CUST005,MCH0050033,-28.08349877043122,128.5831398237991
CUST005,MCH0050034,-27.139540425608345,121.33216886673749
CUST005,MCH0050035,-30.72265749034288,148.6580739644886
CUST005,MCH0050036,-24.485063200226804,129.2545257794871
CUST005,MCH0050037,-18.211757263436375,135.21005659037678
CUST005,MCH0050038,-13.772990282973062,143.18858243621966
CUST005,MCH0050039,-23.593554371322384,129.010217519177
CUST005,MCH0050040,-12.687421784127075,140.9933842837279
CUST005,MCH0050041,-13.449314809917414,119.95859806031815
CUST005,MCH0050042,-15.613525897398173,138.1612933280914
CUST005,MCH0050043,-31.278683915795078,136.44785579891965
CUST005,MCH0050044,-19.148928150232848,116.23182427468996
CUST005,MCH0050045,-24.132163820402447,144.77152284299086
CUST005,MCH0050046,-27.549780955102065,131.89503767112916
CUST005,MCH0050047,-24.390246268040293,126.39765143963146
CUST005,MCH0050048,-14.153499246415581,143.22342064364622
CUST005,MCH0050049,-31.522349163583623,150.79591649009882
CUST006,MCH0060001,-14.997199477383475,125.76518616902777
CUST006,MCH0060002,-15.906723537289828,119.53532556868554
CUST006,MCH0060003,-12.419248294803868,139.16553423733944
CUST006,MCH0060004,-19.922312165485863,118.97446951714306
CUST006,MCH0060005,-14.613781923722556,116.81788256247687
CUST006,MCH0060006,-28.722196752115337,120.82006781834889
CUST006,MCH0060007,-17.1994892751173,122.75696837517272
CUST006,MCH0060008,-14.321278116685967,138.8350432803949
CUST006,MCH0060009,-33.12250172436403,115.99058717791738
CUST006,MCH0060010,-32.78935478419042,137.06797373543526
CUST006,MCH0060011,-16.66814106652257,124.17320400402133
CUST006,MCH0060012,-15.637709877153931,117.80884109937944
CUST006,MCH0060013,-16.67927714670396,148.36561959904705
CUST006,MCH0060014,-17.299669419255817,140.30403951765015
CUST006,MCH0060015,-15.883425298909263,117.20931061410202
CUST006,MCH0060016,-29.56168461954031,120.18482114362807
CUST006,MCH0060017,-23.05258371085079,141.95610330434243
CUST006,MCH0060018,-20.354745341607426,145.67470160164393
CUST006,MCH0060019,-30.562920662516547,141.58520032692417
CUST006,MCH0060020,-29.749607946318562,125.30363217125479
CUST006,MCH0060021,-18.637049008451967,150.20518794994373
CUST006,MCH0060022,-20.751812471493004,117.71296105619447
CUST006,MCH0060023,-20.649357146558042,117.28650436046387
CUST006,MCH0060024,-14.890867205613429,140.7061978070318
CUST006,MCH0060025,-30.177751301916178,119.01940730442935
CUST006,MCH0060026,-29.954035579073143,150.19895400235217
CUST006,MCH0060027,-24.040946187142467,143.32124128678342
CUST006,MCH0060028,-20.217220644682797,135.89170156354817
CUST006,MCH0060029,-30.77969952470143,149.00545831988916
CUST006,MCH0060030,-27.421133400933563,136.08840427484472
CUST006,MCH0060031,-18.854817191335076,138.58808374911035
CUST006,MCH0060032,-13.67722019154635,121.01020854619404
CUST006,MCH0060033,-22.970416123390745,129.98160711500088
CUST006,MCH0060034,-23.705372316123707,119.98453516954083
CUST006,MCH0060035,-31.016965887735545,125.56045165692214
CUST006,MCH0060036,-27.348851019142124,130.81940280021539
CUST007,MCH0070001,-20.255473975507343,130.25456247015353
CUST007,MCH0070002,-25.11116314728301,123.43876128706336
CUST007,MCH0070003,-21.251415659206323,126.92813598723505
CUST007,MCH0070004,-33.12471356303668,130.48584154990579
CUST007,MCH0070005,-23.70614748556134,123.71830967396781
CUST007,MCH0070006,-21.592154437874512,135.65859370516043
CUST007,MCH0070007,-18.806953106127015,138.54299172526248
CUST007,MCH0070008,-19.872689284797822,126.89911672902392
CUST007,MCH0070009,-16.97020722730199,135.07496786434876
CUST007,MCH0070010,-24.62450880363236,137.7730380810311
CUST007,MCH0070011,-26.14586730931953,133.79714748569722
CUST007,MCH0070012,-18.060827697632263,146.91274132400216
CUST007,MCH0070013,-14.09727025815338,133.47751567392677
CUST007,MCH0070014,-22.714085033077765,143.87545141781067
CUST007,MCH0070015,-27.13931012749967,145.1921209183119
CUST007,MCH0070016,-23.275954599875394,119.86657102416792
CUST007,MCH0070017,-32.350728337931706,145.35396170748515
CUST007,MCH0070018,-32.70528978650212,125.64946140829132
CUST007,MCH0070019,-26.716204129216763,121.87210502622494
CUST007,MCH0070020,-27.151292549257228,141.86850909205052
CUST007,MCH0070021,-33.58431886345848,144.8337872006761
CUST007,MCH0070022,-15.484217493146996,128.86638121902334
CUST007,MCH0070023,-30.597322670196352,136.88949831887234
CUST007,MCH0070024,-31.32704004890477,128.60866957384667
CUST007,MCH0070025,-13.293772610629091,150.74080298768567
CUST007,MCH0070026,-17.299744835876407,126.7147489982189
CUST007,MCH0070027,-19.11520144292901,140.55976342848885
CUST007,MCH0070028,-25.561403553981528,138.2951910739742
CUST007,MCH0070029,-33.66935563302296,123.13792381693867
CUST007,MCH0070030,-22.610601486203883,121.54767077946619
CUST007,MCH0070031,-30.333002340654524,145.15428059831336
CUST007,MCH0070032,-12.633640442302479,135.31452692379855
CUST007,MCH0070033,-15.860000786043159,150.56029041785217
CUST007,MCH0070034,-30.85568839577134,131.5334210252277
CUST007,MCH0070035,-25.459686609398723,118.60972985598109
CUST007,MCH0070036,-17.660401284912993,131.025643859023
CUST007,MCH0070037,-23.80947091490637,121.08862138084473
CUST007,MCH0070038,-30.010076977036334,147.63933713768316
CUST007,MCH0070039,-32.940044587053,123.97311520152408
CUST007,MCH0070040,-27.62072439823764,133.00593373829568
CUST007,MCH0070041,-21.29142878018189,133.1144781523584
CUST007,MCH0070042,-32.09152030702703,124.35272763735554
CUST007,MCH0070043,-15.762849727605364,138.1793633867939
CUST007,MCH0070044,-19.9432954221131,139.32413426283256
CUST007,MCH0070045,-17.497585090650123,117.8396077084228
CUST007,MCH0070046,-26.017919723948832,134.73741297768493
CUST007,MCH0070047,-26.623185609107487,145.44120845238024
CUST007,MCH0070048,-23.52469106537318,142.77882839002422
CUST007,MCH0070049,-15.581666387054863,133.51818104991278
CUST008,MCH0080001,-14.344626756765976,136.40805031284802
CUST008,MCH0080002,-15.61910257507498,127.7547369252625
CUST008,MCH0080003,-23.175435391573068,134.45252753926067
CUST008,MCH0080004,-31.64293610823448,129.78919298522408
CUST008,MCH0080005,-14.177240040138962,137.94221163680245
CUST008,MCH0080006,-30.083608477605196,127.69383280989713
CUST008,MCH0080007,-29.78053529225195,116.6712919261299
CUST008,MCH0080008,-13.959600142163424,131.5320772218162
CUST008,MCH0080009,-27.287995942953096,136.80654942367656
CUST008,MCH0080010,-33.74273918970016,125.55857594168856
CUST008,MCH0080011,-18.78478048747381,138.04531903473114
CUST008,MCH0080012,-12.791172127835488,137.57455560899734
CUST008,MCH0080013,-23.633623717003744,142.52628296775868
CUST008,MCH0080014,-14.478450752772858,141.09642772981414
CUST008,MCH0080015,-13.190958693688337,143.24838149291003
CUST008,MCH0080016,-15.263769077368579,119.80505289854567
CUST008,MCH0080017,-18.153109685633563,131.24711335341064
CUST008,MCH0080018,-22.00826824815758,138.75899457283072
CUST008,MCH0080019,-13.048974990830256,150.35869065825003
CUST008,MCH0080020,-27.703092722010034,141.55474776007085
CUST008,MCH0080021,-17.775353934391724,127.96189943208802
CUST008,MCH0080022,-31.236799840419245,117.23723830602876
CUST008,MCH0080023,-17.18712275812266,132.9884609377734
CUST008,MCH0080024,-12.710886355859085,132.1205683123972
CUST008,MCH0080025,-12.874784949912435,130.2463176770115
CUST008,MCH0080026,-16.835833762960586,118.7771564581453
CUST008,MCH0080027,-21.957573232038072,143.95229852319892
CUST008,MCH0080028,-14.018914154772393,144.67266648067186
CUST008,MCH0080029,-33.105129365174754,128.88185217986637
CUST008,MCH0080030,-32.8529828452522,119.63580841812099
CUST008,MCH0080031,-19.380928983649092,140.83536269054062
CUST008,MCH0080032,-17.265005320840032,146.17752483675378
CUST008,MCH0080033,-18.002223427755034,143.91059288294278
CUST008,MCH0080034,-32.84728023879949,124.03218378048958
CUST008,MCH0080035,-20.529197872432214,145.9201981923313
CUST008,MCH0080036,-33.80324731379733,133.8634899082839
CUST008,MCH0080037,-19.33832091366546,116.83921584841433
CUST008,MCH0080038,-25.27085551260216,147.23678433656778
CUST008,MCH0080039,-19.460324609599034,124.14180855395696
CUST008,MCH0080040,-15.565205712913876,128.01590296167396
CUST008,MCH0080041,-15.553089570402722,126.29292215427358
CUST008,MCH0080042,-21.208114606012295,129.73259637794897
CUST008,MCH0080043,-27.991261408766057,146.9181704322326
CUST009,MCH0090001,-32.07655078843109,127.80163554295268
CUST009,MCH0090002,-18.470758325706296,144.1408493697675
CUST009,MCH0090003,-12.427017543564556,126.20230820109188
CUST009,MCH0090004,-25.129248050677433,120.60242685883988
CUST009,MCH0090005,-21.540253513104776,150.8150593079284
CUST009,MCH0090006,-18.83105828240584,136.69197069850935
CUST009,MCH0090007,-25.46406450218143,147.92698648602297
CUST009,MCH0090008,-23.216293183197486,120.51627865728845
CUST009,MCH0090009,-26.04436304121863,118.15755007655662
CUST009,MCH0090010,-29.557450689691194,116.42017421309691
CUST009,MCH0090011,-24.154481795246483,138.07236329980807
CUST009,MCH0090012,-26.519212058853483,130.55540017983523
CUST009,MCH0090013,-13.277000633841617,142.19390556727953
CUST009,MCH0090014,-22.271582305683545,125.78738471642507
CUST009,MCH0090015,-14.614568826380602,124.05190880251115
CUST009,MCH0090016,-26.905131293891444,147.7081749862455
CUST009,MCH0090017,-22.514845811370943,141.85536002457098
CUST009,MCH0090018,-21.198986925479026,138.7357162362333
CUST009,MCH0090019,-27.46325923243125,124.27215936309587
CUST009,MCH0090020,-26.966414535873696,121.25599889932813
CUST009,MCH0090021,-15.10224114624764,125.741967357079
CUST009,MCH0090022,-21.82797802009073,143.59830232246225
CUST009,MCH0090023,-17.047781648422156,131.18735767630517
CUST009,MCH0090024,-23.6604678653854,150.71403138761937
CUST009,MCH0090025,-19.39615424495098,144.3938093534377
CUST009,MCH0090026,-14.495089661786512,143.44440325164982
CUST009,MCH0090027,-29.918644083498297,135.53219275418877
CUST009,MCH0090028,-31.709275617737283,138.71756664239635
CUST009,MCH0090029,-13.359987293962064,133.7968954569339
CUST009,MCH0090030,-24.591091403343004,117.05808057477752
CUST009,MCH0090031,-13.264847769921762,119.41539421296856
CUST009,MCH0090032,-33.01679949394579,124.43693806382333
CUST009,MCH0090033,-32.491095670754774,131.77463626865287
CUST009,MCH0090034,-22.804112272972084,126.77120521090329
CUST009,MCH0090035,-32.80434962463995,119.71717292554786
CUST009,MCH0090036,-25.633155873216545,117.92454862401142
CUST009,MCH0090037,-18.88892089938686,123.0664210075209
CUST009,MCH0090038,-27.405461271151772,129.63381477895123
CUST009,MCH0090039,-24.94289288901332,115.85829083938549
CUST009,MCH0090040,-31.490487023528,146.08303618730483
CUST009,MCH0090041,-33.87348915599397,133.6366741890319
CUST009,MCH0090042,-23.375706860095022,127.49160505147339
CUST009,MCH0090043,-24.62646906685133,143.19839792718312
CUST009,MCH0090044,-15.814120316378435,124.93823387387528
CUST009,MCH0090045,-26.966455519193808,124.31114814129448
CUST009,MCH0090046,-23.582936888152098,139.78236835382432
CUST009,MCH0090047,-28.992563177536457,127.40882454612581
CUST009,MCH0090048,-13.896730721833265,117.50478207362822
CUST009,MCH0090049,-23.993453487349324,140.7756872600469
CUST009,MCH0090050,-30.665238751514305,117.4628281021924
CUST009,MCH0090051,-30.92858450977159,148.05069409292696
CUST010,MCH0100001,-33.70091469084584,122.41010131587845
CUST010,MCH0100002,-33.22740447261464,119.68309431143334
CUST010,MCH0100003,-20.56679033749163,124.28152569674191
CUST010,MCH0100004,-21.66194091574045,136.51585793509102
CUST010,MCH0100005,-15.63714033856975,115.96642289120678
CUST010,MCH0100006,-15.552556624139115,137.5310799335868
CUST010,MCH0100007,-30.40101504874341,142.93010232354848
CUST010,MCH0100008,-15.506931851502404,124.72464827977092
CUST010,MCH0100009,-14.14593586059236,131.75145580348288
CUST010,MCH0100010,-20.926374231833584,150.3611986299793
CUST010,MCH0100011,-26.126974309257214,144.34189303828597
CUST010,MCH0100012,-27.054418966688118,143.85239463067634
CUST010,MCH0100013,-20.984220744453186,123.39408490241159
CUST010,MCH0100014,-24.998438983531415,126.94901076616101
CUST010,MCH0100015,-32.22066954877218,116.84720043049938
CUST010,MCH0100016,-26.45070890874561,116.46809858839377
CUST010,MCH0100017,-30.342013211991834,141.2539345618655
CUST010,MCH0100018,-18.67603843280286,141.72417156465414
CUST010,MCH0100019,-27.081206820705454,147.03968294483113
CUST010,MCH0100020,-21.132643217388377,120.22352459530659
CUST010,MCH0100021,-30.810048778706015,140.12764948523252
CUST010,MCH0100022,-30.181705366495322,133.60597382552973
CUST010,MCH0100023,-12.57684876753272,115.94066692614021
CUST010,MCH0100024,-33.543534259202524,150.65726882576078
CUST010,MCH0100025,-21.33026506611544,120.2545401406998
CUST010,MCH0100026,-14.608002705286985,146.701348534482
CUST010,MCH0100027,-22.37169111810543,137.62490024811257
CUST010,MCH0100028,-28.026475382731157,117.57324134265738
CUST010,MCH0100029,-21.116796408846415,126.14590728141698
CUST010,MCH0100030,-19.632147496802432,145.1522057071753
CUST011,MCH0110001,-21.09215384425686,123.91794694300852
CUST011,MCH0110002,-15.111397295068269,124.70362418032018
CUST011,MCH0110003,-20.768442135438505,135.22928348714535
CUST011,MCH0110004,-25.38242024872615,139.58448880235278
CUST011,MCH0110005,-18.295952853618168,135.69951661571048
CUST011,MCH0110006,-17.593921900527786,150.31793936735212
CUST011,MCH0110007,-24.885643660132686,133.86186512118212
CUST011,MCH0110008,-33.631897624263914,143.7406023264943
CUST011,MCH0110009,-22.71505355851113,130.11944620565583
CUST011,MCH0110010,-31.877452793577987,147.02694040080644
CUST011,MCH0110011,-25.407344339128038,139.75861409714364
CUST011,MCH0110012,-30.688455638084758,149.55039199689026
CUST011,MCH0110013,-30.063502120830634,122.80392395077212
CUST011,MCH0110014,-15.431868498009152,147.83165431938178
CUST011,MCH0110015,-29.33883073824902,132.29001117493647
CUST011,MCH0110016,-18.12985955189916,146.63063725675914
CUST011,MCH0110017,-25.750367056697936,133.94738398841497
CUST011,MCH0110018,-17.953097173825697,141.46287278051312
CUST011,MCH0110019,-17.066357204439175,135.8046770343176
CUST011,MCH0110020,-31.650775418697332,147.5294625098192
CUST011,MCH0110021,-15.290190404597894,143.81321999722348
CUST011,MCH0110022,-31.752956741044315,122.97434758455816
CUST011,MCH0110023,-17.912592150185482,116.61221731982631
CUST011,MCH0110024,-12.846670375293485,129.0377782804844
CUST011,MCH0110025,-18.43478052564729,146.95374520593032
CUST011,MCH0110026,-25.41545740477323,127.00155034984827
CUST011,MCH0110027,-20.812065728687692,136.19272701855658
CUST011,MCH0110028,-25.10349048106686,136.92229393095658
CUST011,MCH0110029,-13.789300554320363,132.21417300759353
CUST011,MCH0110030,-29.670043113861425,129.03992999919345
CUST012,MCH0120001,-25.426699874247948,120.40191512522031
CUST012,MCH0120002,-30.39826273807707,139.82812877611806
CUST012,MCH0120003,-26.60122828450859,149.31693355413884
CUST012,MCH0120004,-28.66266997478994,119.27225012917926
CUST012,MCH0120005,-17.699651895494455,146.72436542231725
CUST012,MCH0120006,-27.92056282726301,122.89329236775627
CUST012,MCH0120007,-29.906028100271623,134.12263177796459
CUST012,MCH0120008,-23.829042213194423,124.90633837889415
CUST012,MCH0120009,-32.92877798472733,132.70034604545245
CUST012,MCH0120010,-13.274354525834418,138.70342394641847
CUST012,MCH0120011,-23.246609032484702,119.68529179843952
CUST012,MCH0120012,-28.47261975318387,126.14656563006645
CUST012,MCH0120013,-17.456723618944462,146.57254898398816
CUST012,MCH0120014,-14.514700148321573,150.3583581496015
CUST012,MCH0120015,-12.779116313252551,149.25026956015614
CUST012,MCH0120016,-32.35582397918798,120.63655311106596
CUST012,MCH0120017,-27.353969680765292,135.2067287176626
CUST012,MCH0120018,-31.814975392832196,145.4874732188552
CUST012,MCH0120019,-20.639742149837854,134.8369905208074
CUST012,MCH0120020,-30.34580654760324,124.68926715144693
CUST012,MCH0120021,-30.453291462881452,145.70285383859743
CUST012,MCH0120022,-21.339101008683805,141.60304290593913
CUST012,MCH0120023,-27.535293447434444,128.83096756179853
CUST012,MCH0120024,-25.19561826482952,142.47652550821562
CUST012,MCH0120025,-17.294410764996787,123.05915481574252
CUST013,MCH0130001,-31.305910244960742,147.2538850930694
CUST013,MCH0130002,-31.7414936185291,125.08534737141102
CUST013,MCH0130003,-15.700711474538924,122.10017173934767
CUST013,MCH0130004,-25.00828947683565,131.59006142803884
CUST013,MCH0130005,-28.62693208000099,140.72960656689312
CUST013,MCH0130006,-15.596305037852616,146.49758740893057
CUST013,MCH0130007,-26.604573866663937,134.4328488395023
CUST013,MCH0130008,-28.559262316888493,124.3923572044101
CUST013,MCH0130009,-30.43303764868363,148.79466727934377
CUST013,MCH0130010,-14.80824018498003,143.085290837802
CUST013,MCH0130011,-22.770277292313825,133.02033783446672
CUST013,MCH0130012,-22.51046817707629,134.63353727655584
CUST013,MCH0130013,-24.556893678999657,120.42459463451156
CUST013,MCH0130014,-31.198227163326475,149.2239650261835
CUST013,MCH0130015,-23.536338668893464,149.25751392417214
CUST013,MCH0130016,-30.383097129232635,135.26002097660168
CUST013,MCH0130017,-29.434079052941904,124.68677967504371
CUST013,MCH0130018,-33.25382655663466,119.97526120698141
CUST013,MCH0130019,-14.18775923597229,127.08580800102985
CUST013,MCH0130020,-20.82522194383628,132.1219960328235
CUST013,MCH0130021,-25.290298227226515,134.46920180624699
CUST013,MCH0130022,-29.874362690770155,150.49999683803713
CUST013,MCH0130023,-16.306380822866945,141.8306736088762
CUST013,MCH0130024,-23.82167511420002,121.1659869866344
CUST013,MCH0130025,-14.105684047118292,127.78268606509864
CUST013,MCH0130026,-32.822706171515925,127.81836905605307
CUST013,MCH0130027,-16.819173844338486,137.6570769490861
CUST013,MCH0130028,-17.756970427985515,143.65660197356945
CUST013,MCH0130029,-29.342975861768334,148.22479439487063
CUST013,MCH0130030,-24.483223537211988,138.22937908917217
CUST013,MCH0130031,-33.85036138938504,150.66723429423234
CUST013,MCH0130032,-27.860727701770664,117.97841503955945
CUST013,MCH0130033,-24.04736610696495,120.32895500708966
CUST013,MCH0130034,-30.62497573161212,137.99312673736037
CUST013,MCH0130035,-25.452061081239982,148.15702100044032
CUST013,MCH0130036,-27.038135365926493,141.28892250627493
CUST013,MCH0130037,-23.986362251669483,138.96429066963768
CUST013,MCH0130038,-21.006549830606204,132.39471744384085
CUST013,MCH0130039,-13.473686465574602,127.82924886069895
CUST013,MCH0130040,-30.08943672314064,139.60110153688197
CUST013,MCH0130041,-15.710837431879959,117.21290627189133
CUST013,MCH0130042,-24.23289719891237,147.12631790802516
CUST013,MCH0130043,-17.78319969315835,150.61245084906676
CUST014,MCH0140001,-22.47460305065926,138.96584972992042
CUST014,MCH0140002,-27.396673955534546,149.05849954827633
CUST014,MCH0140003,-26.023786996034467,141.72172601530067
CUST014,MCH0140004,-25.232485611439735,135.51984444521128
CUST014,MCH0140005,-18.424675497036755,133.66358872647254
CUST014,MCH0140006,-14.397643971445564,130.51746467626614
CUST014,MCH0140007,-19.987956339918508,127.8169214088319
CUST014,MCH0140008,-25.124631633033218,131.24575879899768
CUST014,MCH0140009,-31.195149106285864,119.01950113497114
CUST014,MCH0140010,-19.548966652344703,138.80867261584115
CUST014,MCH0140011,-19.64744114448295,116.49380223152848
CUST014,MCH0140012,-26.87924288255673,122.7431256387978
CUST014,MCH0140013,-17.169744415303732,146.00812708900418
CUST014,MCH0140014,-28.59637188963783,139.24150547556434
CUST014,MCH0140015,-31.118699725647097,125.45785364862013
CUST014,MCH0140016,-30.91892833098148,125.75157890763295
CUST014,MCH0140017,-19.393164231990525,147.75247454750237
CUST014,MCH0140018,-29.54576822963,134.82697412677024
CUST014,MCH0140019,-18.820091323266205,149.24757864384335
CUST014,MCH0140020,-20.783699617925762,124.75425327906106
CUST014,MCH0140021,-20.45221962635037,127.04923977489837
CUST014,MCH0140022,-12.913239600128282,129.82863234424366
CUST014,MCH0140023,-19.163304003638192,116.61528814037122
CUST014,MCH0140024,-25.298678908102758,146.51627722762015
CUST014,MCH0140025,-20.780109944685215,131.38239531249877
CUST014,MCH0140026,-13.777343762131892,145.77485160276774
CUST014,MCH0140027,-26.972363012806827,134.91364891165102
CUST014,MCH0140028,-23.368778494012048,137.99030775403168
CUST014,MCH0140029,-26.716607760386754,124.37159552688267
CUST014,MCH0140030,-14.277555542005974,148.22799493239756
CUST014,MCH0140031,-15.768557956117451,150.1349755198361
CUST014,MCH0140032,-17.882682195736695,142.6398197225262
CUST014,MCH0140033,-17.504313022803224,132.66932784607496
CUST014,MCH0140034,-24.086277817943156,124.23194229283001
CUST014,MCH0140035,-20.036387321275253,125.95513677719194
CUST014,MCH0140036,-28.357119191399377,136.36724423077152
CUST014,MCH0140037,-25.08537865316157,123.48186696869159
CUST014,MCH0140038,-16.354795639814128,146.0060041672326
CUST014,MCH0140039,-30.29446032692771,116.06349685128
CUST014,MCH0140040,-26.673205676618466,143.79263033239442
CUST014,MCH0140041,-15.857761875962023,120.65535036107333
CUST014,MCH0140042,-17.2517781245644,119.86121627256097
CUST014,MCH0140043,-25.51365431163462,150.85119397691824
CUST014,MCH0140044,-29.759297300535437,121.20412174847469
CUST014,MCH0140045,-24.809792850243937,137.55036526154214
CUST014,MCH0140046,-13.842633178115054,150.2268222082095
CUST014,MCH0140047,-32.402726313285015,120.64371285891147
CUST014,MCH0140048,-16.89913356123613,125.2991885447072
CUST014,MCH0140049,-14.875745220613247,139.08720932874095
CUST014,MCH0140050,-31.49533674881544,145.02177790083266
CUST014,MCH0140051,-30.108337829826368,130.66468835325585
CUST014,MCH0140052,-22.028024035974404,133.37689183271777
CUST014,MCH0140053,-19.147497314274265,138.70930439391086
CUST014,MCH0140054,-12.571096881146818,150.879709013769
CUST015,MCH0150001,-31.85321963034142,141.34729979380202
CUST015,MCH0150002,-12.901722318343332,126.97325620577861
CUST015,MCH0150003,-23.98400895449216,130.7096700610225
CUST015,MCH0150004,-32.79448817702602,139.3964815359429
CUST015,MCH0150005,-26.30323955602794,143.43998199956573
CUST015,MCH0150006,-16.0094183814373,144.62520060958437
CUST015,MCH0150007,-24.941681042142577,127.08625344665558
CUST015,MCH0150008,-17.80035323715832,143.92876912787958
CUST015,MCH0150009,-23.337964902585625,147.14538878572424
CUST015,MCH0150010,-30.805963034310995,146.6553141660295
CUST015,MCH0150011,-31.83395249110455,121.18874582411695
CUST015,MCH0150012,-22.42243971460985,118.16989865457826
CUST015,MCH0150013,-32.76464731989763,115.81820792021627
CUST015,MCH0150014,-24.51919181657334,142.98929823335726
CUST015,MCH0150015,-33.15097546898181,138.69424198695154
CUST015,MCH0150016,-16.202762675551988,121.69682978508328
CUST015,MCH0150017,-30.74242970133981,146.01411417408082
CUST015,MCH0150018,-16.202820886072963,134.71685599587295
CUST015,MCH0150019,-16.287202595179423,119.05573831759976
CUST015,MCH0150020,-25.41864736431678,141.6966942193337
CUST015,MCH0150021,-28.364782874534786,142.2067448966177
CUST015,MCH0150022,-23.060160005597503,142.13433617698297
CUST015,MCH0150023,-23.909387786067413,128.7134423417858
CUST015,MCH0150024,-29.187431845709405,123.11411488436903
CUST015,MCH0150025,-17.742947572714986,119.97375321599202
CUST016,MCH0160001,-32.05137947261468,121.98782691227677
CUST016,MCH0160002,-30.130050003740678,144.6910775605222
CUST016,MCH0160003,-25.332107595304432,150.56263485335293
CUST016,MCH0160004,-30.949957957501834,138.7392478818469
CUST016,MCH0160005,-24.25231559517311,129.5914280020673
CUST016,MCH0160006,-15.085689720337228,150.04340716857683
CUST016,MCH0160007,-15.133532386355157,122.54975383413317
CUST016,MCH0160008,-29.152844694007918,138.82819315623672
CUST016,MCH0160009,-27.684702994778878,141.58885209039835
CUST016,MCH0160010,-21.721956007592638,135.13689777401314
CUST016,MCH0160011,-16.086241115966104,140.739700288168
CUST016,MCH0160012,-33.32857805255823,117.53601571382515
CUST016,MCH0160013,-20.966493272195663,132.86534185434186
CUST016,MCH0160014,-28.306029910125684,130.49482866474955
CUST016,MCH0160015,-17.6049281472435,144.81406311149334
CUST016,MCH0160016,-21.833704040364047,129.32646877808432
CUST016,MCH0160017,-28.080019627855197,134.1193383240008
CUST016,MCH0160018,-27.132883200865805,135.59973931035753
CUST016,MCH0160019,-19.35197377604279,118.11938030327076
CUST016,MCH0160020,-33.877049502010934,123.25092757331008
CUST016,MCH0160021,-14.668002799046207,138.48480578932242
CUST016,MCH0160022,-30.202852433354007,147.04826506000902
CUST016,MCH0160023,-23.795947283822187,132.510820659421
CUST016,MCH0160024,-13.785848207382912,117.88798289563523
CUST016,MCH0160025,-29.27366709548255,136.36057351293076
CUST016,MCH0160026,-29.69704004398691,139.65139802323444
CUST016,MCH0160027,-29.297015779260512,119.28040966801838
CUST016,MCH0160028,-29.449819067721943,130.63796460294938
CUST016,MCH0160029,-30.113026567778782,120.52769007480948
CUST016,MCH0160030,-15.403939446292771,127.0459418462655
CUST016,MCH0160031,-26.143688239857546,117.73999137349308
CUST016,MCH0160032,-26.216553094705834,125.09473192398744
CUST016,MCH0160033,-20.774571052151543,123.00919944830147
CUST016,MCH0160034,-14.800142759148926,148.43129839427638
CUST016,MCH0160035,-31.753632270699008,119.56984376572906
CUST016,MCH0160036,-31.420481580613757,137.54688089649196
CUST016,MCH0160037,-31.277667269493108,145.71861935935235
CUST016,MCH0160038,-17.68316242883531,144.57529092415464
CUST016,MCH0160039,-22.58969867195055,150.7833701243223
CUST016,MCH0160040,-32.95023528670053,129.88440024293257
CUST016,MCH0160041,-26.93536161784082,149.0974570048137
CUST017,MCH0170001,-16.566894242938407,121.77897589741401
CUST017,MCH0170002,-12.859365906140564,133.30224809535866
CUST017,MCH0170003,-23.286050360181115,149.8780539719554
CUST017,MCH0170004,-25.71425423383138,129.75312836188024
CUST017,MCH0170005,-21.32781688969386,120.29464663022732
CUST017,MCH0170006,-26.996659032145118,122.58161211782408
CUST017,MCH0170007,-31.67940519919843,146.20167568221882
CUST017,MCH0170008,-21.229379928259263,128.3894149826297
CUST017,MCH0170009,-25.113608386615674,130.94631702942615
CUST017,MCH0170010,-20.287292583888746,148.32960564126367
CUST017,MCH0170011,-13.845238177374874,129.5413684815263
CUST017,MCH0170012,-26.820857118647954,131.63173215650247
CUST017,MCH0170013,-21.68941404578741,132.00980869188618
CUST017,MCH0170014,-19.73680168894093,135.2594057206297
CUST017,MCH0170015,-27.004615746077363,127.93515128226841
CUST017,MCH0170016,-25.760255067465785,119.12185586555354
CUST017,MCH0170017,-30.329653403099577,141.18129445530306
CUST017,MCH0170018,-25.534420702275277,123.33031793686104
CUST017,MCH0170019,-21.80254317264057,142.3194379408173
CUST017,MCH0170020,-28.36541920957451,144.82032485552344
CUST017,MCH0170021,-13.95864551806143,136.76854797049182
CUST017,MCH0170022,-19.51762533168104,117.64541726033924
CUST017,MCH0170023,-13.57132234302901,129.57621417269954
CUST017,MCH0170024,-14.036141388273258,136.12211111873353
CUST017,MCH0170025,-33.800695824868455,117.1528241762526
CUST017,MCH0170026,-19.270995678096675,135.54964728550084
CUST017,MCH0170027,-33.3295526000694,141.89544463890573
CUST018,MCH0180001,-15.57887525301259,133.22425363361972
CUST018,MCH0180002,-23.886215032319015,115.99210612009543
CUST018,MCH0180003,-16.987031181387614,127.4081339427883
CUST018,MCH0180004,-15.006582174675398,128.89442662328767
CUST018,MCH0180005,-21.75082492143983,125.2889967657964
CUST018,MCH0180006,-30.447351279424247,142.9992674086846
CUST018,MCH0180007,-23.223304704804946,134.630726123704
CUST018,MCH0180008,-13.143557000142685,149.6216549189976
CUST018,MCH0180009,-15.503694383398322,122.38508617605268
CUST018,MCH0180010,-21.12313707251603,146.62297460540935
CUST018,MCH0180011,-25.84902536634784,119.34882642433902
CUST018,MCH0180012,-16.46429760184168,132.70990065281222
CUST018,MCH0180013,-21.76555737227766,150.27326480075635
CUST018,MCH0180014,-20.844954244377448,130.71677643688017
CUST018,MCH0180015,-25.945336091285245,130.458437172157
CUST018,MCH0180016,-31.354419711658622,143.69574460045678
CUST018,MCH0180017,-15.889087548978615,125.78233942352665
CUST018,MCH0180018,-27.3683727041862,146.48913239735194
CUST018,MCH0180019,-33.38463735614896,134.0680562762297
CUST018,MCH0180020,-23.930972134347726,140.02344961220393
CUST018,MCH0180021,-30.387078446786727,139.2584090019099
CUST018,MCH0180022,-25.800218830690156,137.51688871375444
CUST018,MCH0180023,-33.03795728773532,132.0066246211763
CUST018,MCH0180024,-22.671605779379,123.32285674021003
CUST018,MCH0180025,-30.898091435148903,122.41544803573177
CUST018,MCH0180026,-26.500966821638016,119.1980362406045
CUST018,MCH0180027,-13.532624391813503,130.01529155850318
CUST018,MCH0180028,-16.507153546104895,150.00204102112053
CUST018,MCH0180029,-32.16419147994111,138.67359832451828
CUST018,MCH0180030,-15.164704635063899,138.06162863223216
CUST018,MCH0180031,-24.675938390815624,130.93078015309163
CUST018,MCH0180032,-33.128173950841784,134.56448637025358
CUST018,MCH0180033,-12.538825569082778,149.4506341616149
CUST018,MCH0180034,-33.03141657989349,140.57347482739505
CUST018,MCH0180035,-27.412055366015984,147.4949192845554
CUST018,MCH0180036,-32.93003296725051,148.64918098058894
CUST018,MCH0180037,-15.894271508562795,119.9244038170663
CUST018,MCH0180038,-32.61377674767807,145.09823901787544
CUST018,MCH0180039,-30.55121007404654,134.57492516945305
CUST018,MCH0180040,-14.211485555607744,135.71742878558126
CUST018,MCH0180041,-25.35948401833428,131.42006352537513
CUST018,MCH0180042,-32.54298082986677,149.80320647979212
CUST019,MCH0190001,-29.828684929033642,125.84026029459787
CUST019,MCH0190002,-13.165976309833201,119.10944047742905
CUST019,MCH0190003,-15.2529846292246,140.64532069349082
CUST019,MCH0190004,-16.054587648080894,150.05400366691316
CUST019,MCH0190005,-15.793674906387253,148.91272052985263
CUST019,MCH0190006,-31.170891978995222,143.73217863736065
CUST019,MCH0190007,-22.167972577257473,134.8766953873031
CUST019,MCH0190008,-14.573186109108956,149.91031403449958
CUST019,MCH0190009,-18.745976054571607,132.7511374704596
CUST019,MCH0190010,-24.087317055110326,129.3605851485337
CUST019,MCH0190011,-26.125620864187752,129.54189014312354
CUST019,MCH0190012,-31.9703054420993,118.51800659264138
CUST019,MCH0190013,-17.132798356745297,131.45715854149995
CUST019,MCH0190014,-13.890283496290657,137.28895740164774
CUST019,MCH0190015,-33.14371638303497,121.32906928024353
CUST019,MCH0190016,-29.474874450220334,150.0483344560771
CUST019,MCH0190017,-29.197859137739847,133.9030242377106
CUST019,MCH0190018,-13.772195969735783,150.09946481999395
CUST019,MCH0190019,-28.81825063925379,117.5240292956264
CUST019,MCH0190020,-30.59756060043819,118.02282960245978
CUST019,MCH0190021,-29.704828816514766,135.7567969861011
CUST019,MCH0190022,-14.282350879643701,134.65638281767133
CUST019,MCH0190023,-20.441224530969762,122.8855405314949
CUST019,MCH0190024,-16.687452155512222,137.48439068854597
CUST019,MCH0190025,-15.321058172356416,149.10439305590302
CUST019,MCH0190026,-26.420133321233266,118.97932495459392
CUST019,MCH0190027,-29.042527404789176,131.16823895522188
CUST019,MCH0190028,-13.567586485773823,129.07867476530689
CUST019,MCH0190029,-17.328375906194545,134.7707318951935
CUST019,MCH0190030,-29.969611435734002,127.05776757526615
CUST019,MCH0190031,-19.8563744720094,139.41715415343975
CUST019,MCH0190032,-24.552665443605505,123.82546065344022
CUST019,MCH0190033,-18.379004240477457,121.72744376060629
CUST020,MCH0200001,-13.761601624899775,122.39541562418033
CUST020,MCH0200002,-31.59278419910081,133.26743435302478
CUST020,MCH0200003,-22.729683640641575,133.6375713087164
CUST020,MCH0200004,-24.51164897921495,150.71800273831926
CUST020,MCH0200005,-23.44496682758249,132.57592498396806
CUST020,MCH0200006,-24.83202965163693,118.14558399002135
CUST020,MCH0200007,-21.151432430283254,123.8016688050337
CUST020,MCH0200008,-20.191406925075427,117.58425451439155
CUST020,MCH0200009,-12.800177323060463,132.2620782733448
CUST020,MCH0200010,-14.619759510799984,132.492197180476
CUST020,MCH0200011,-32.60288740065423,144.65969546789262
CUST020,MCH0200012,-19.96404981215661,143.2396723698455
CUST020,MCH0200013,-24.69434793455922,138.19157972305723
CUST020,MCH0200014,-15.491076418372938,137.95039704480325
CUST020,MCH0200015,-26.425016851028076,139.05478876225362
CUST020,MCH0200016,-19.45513494479755,149.51660238398256
CUST020,MCH0200017,-25.92538508685411,130.720370039746
CUST020,MCH0200018,-16.439356334478227,133.5522572474702
CUST020,MCH0200019,-18.06367849801174,131.93580220232107
CUST020,MCH0200020,-29.266854451026937,141.95665488161347
CUST020,MCH0200021,-31.080163862528735,122.77028658994891
CUST020,MCH0200022,-20.423262870139514,142.02916998674166
CUST020,MCH0200023,-14.664210432341978,125.3677860592978
CUST020,MCH0200024,-31.51942844008808,149.3572377492443
CUST020,MCH0200025,-30.579903607523935,122.73811107713784
CUST020,MCH0200026,-27.636416748492984,134.3816365263227
CUST020,MCH0200027,-14.919250330267321,142.49516539781834
CUST020,MCH0200028,-18.674612592383344,121.94883793174573
CUST020,MCH0200029,-26.209823422191555,132.5920129056424
CUST020,MCH0200030,-30.730342000059903,125.3973825446462
CUST020,MCH0200031,-27.270836115013847,120.26739456134928
CUST020,MCH0200032,-22.06984662397246,140.54648969799916
CUST020,MCH0200033,-32.39646992324748,132.68742087188656
CUST020,MCH0200034,-17.082459301742404,142.0544535262309
CUST021,MCH0210001,-24.262826386831946,144.60155360065912
CUST021,MCH0210002,-28.723808968893206,128.46445070575479
CUST021,MCH0210003,-30.10835510701727,132.20870733394287
CUST021,MCH0210004,-25.47070951806797,124.25654178614235
CUST021,MCH0210005,-17.736714751538194,126.8160217011188
CUST021,MCH0210006,-28.03470690186453,120.39425061285237
CUST021,MCH0210007,-24.4653334112581,126.4340584721893
CUST021,MCH0210008,-25.960633911169175,124.0835039179814
CUST021,MCH0210009,-17.492156968872138,148.44311749215058
CUST021,MCH0210010,-23.194465165038913,138.36924465926322
CUST021,MCH0210011,-15.25579605295582,150.85892027041143
CUST021,MCH0210012,-20.70939557830861,147.0312592755494
CUST021,MCH0210013,-14.364922699053697,143.57994722204754
CUST021,MCH0210014,-23.98997509192813,118.64850541487887
CUST021,MCH0210015,-33.56018055803712,132.54974222823066
CUST021,MCH0210016,-23.272237529005718,130.09841981399032
CUST021,MCH0210017,-21.684401947235663,135.18091088598538
CUST021,MCH0210018,-15.912819617797101,119.61386432450541
CUST021,MCH0210019,-29.05868017873077,143.63447476148303
CUST021,MCH0210020,-15.671507354691425,150.71832989809246
CUST021,MCH0210021,-15.13239164767769,147.03545514823884
CUST021,MCH0210022,-27.141519233457046,129.8983233537291
CUST021,MCH0210023,-28.13617024635815,137.08110887656431
CUST021,MCH0210024,-13.715684884548672,127.89689511655779
CUST021,MCH0210025,-21.92446168954882,126.20011702891733
CUST021,MCH0210026,-30.249300563886788,122.65101209663482
CUST021,MCH0210027,-32.65417509243021,149.12020265762493
CUST021,MCH0210028,-25.23808841708596,145.077643309274
CUST022,MCH0220001,-19.25141633717164,122.5364327655291
CUST022,MCH0220002,-30.12756169854961,144.30078587302012
CUST022,MCH0220003,-28.208698221679946,147.85630994793934
CUST022,MCH0220004,-30.88880879917595,139.58757236735187
CUST022,MCH0220005,-16.38881166533492,124.05749923338914
CUST022,MCH0220006,-27.961541685683827,149.654612903486
CUST022,MCH0220007,-28.211151485057595,130.89149245149167
CUST022,MCH0220008,-24.600914745289128,124.68151972253189
CUST022,MCH0220009,-17.220491641602553,142.89191194734335
CUST022,MCH0220010,-25.76616269418861,145.11291526693375
CUST022,MCH0220011,-29.31888891042145,115.95113272593552
CUST022,MCH0220012,-21.619901715801568,150.69212981307848
CUST022,MCH0220013,-33.06914733872198,123.10073238716697
CUST022,MCH0220014,-22.743335186527688,144.22891984921498
CUST022,MCH0220015,-31.985596890886356,129.6727363469372
CUST022,MCH0220016,-17.83787028645744,128.8411666150633
CUST022,MCH0220017,-29.84001695977376,122.66190354162022
CUST022,MCH0220018,-25.083951081327623,132.62753932568677
CUST022,MCH0220019,-15.370990016955698,138.34305989173657
CUST022,MCH0220020,-19.05635797791672,150.30284972091033
CUST022,MCH0220021,-25.045366033529064,129.9577395540444
CUST022,MCH0220022,-14.048040193895034,124.43023310387755
CUST022,MCH0220023,-18.208972204488365,142.28551715145653
CUST022,MCH0220024,-31.797558054922973,132.2349223398448
CUST022,MCH0220025,-29.587906866586586,122.30667207536725
CUST022,MCH0220026,-23.92769562504816,125.95898273353308
CUST022,MCH0220027,-16.784700376043773,147.65693168780592
CUST022,MCH0220028,-16.641506986300136,125.13768362902044
CUST022,MCH0220029,-28.00611053569492,124.74096508912311
CUST022,MCH0220030,-30.996680934790923,148.92732272044026
CUST022,MCH0220031,-25.255972339623007,123.68660055656017
CUST022,MCH0220032,-15.696572414072762,129.81175512328844
CUST022,MCH0220033,-33.14498856114217,121.48414911576205
CUST022,MCH0220034,-20.15611768234234,143.2799751234275
CUST022,MCH0220035,-29.36491064749267,148.00058518324158
CUST022,MCH0220036,-15.603561918878462,145.57816446754396
CUST022,MCH0220037,-29.005285343816894,117.57381320161703
CUST022,MCH0220038,-15.25039390112445,126.53358802872371
CUST022,MCH0220039,-20.593297804769193,142.47483761789562
CUST022,MCH0220040,-31.141694942010915,143.20742624361858
CUST022,MCH0220041,-13.722003632337085,141.36596129769896
CUST022,MCH0220042,-24.413710907667998,146.57140267018477
CUST022,MCH0220043,-22.55966095343998,141.94145956636808
CUST022,MCH0220044,-16.25912220704001,142.10228544563512
CUST022,MCH0220045,-27.71112016496469,119.93632092179467
CUST022,MCH0220046,-28.775721618715707,133.4509102880104
CUST022,MCH0220047,-23.036546170698436,136.25081666094027
CUST022,MCH0220048,-25.405310492720346,143.41988748889597
CUST022,MCH0220049,-14.26719436753503,124.46004937712944
CUST022,MCH0220050,-18.064750819409404,139.5968120243311
CUST023,MCH0230001,-29.846599971705555,143.7126522762531
CUST023,MCH0230002,-13.246534858980095,141.13645526139985
CUST023,MCH0230003,-14.166010072546715,150.3449027996748
CUST023,MCH0230004,-26.330910503856376,138.20164670771442
CUST023,MCH0230005,-23.710446140781322,150.43066901489937
CUST023,MCH0230006,-31.883131783833914,130.27435949183257
CUST023,MCH0230007,-15.07591054266442,125.77020099948069
CUST023,MCH0230008,-16.962453711264235,129.23568901358698
CUST023,MCH0230009,-12.830461392361595,146.81189725847213
CUST023,MCH0230010,-27.42161231025377,142.8337782851787
CUST023,MCH0230011,-26.65758430758472,137.08333569156528
CUST023,MCH0230012,-19.74266347954422,144.91879885890825
CUST023,MCH0230013,-33.37430692103668,123.52754197944572
CUST023,MCH0230014,-18.593767072345557,135.57966561763075
CUST023,MCH0230015,-23.244490818675423,117.73786948045012
CUST023,MCH0230016,-26.412068505578688,146.16501814006375
CUST023,MCH0230017,-33.235804003725306,129.7149118613049
CUST023,MCH0230018,-13.579311815078388,117.58591378253001
CUST023,MCH0230019,-17.781326352540308,124.84220282798948
CUST023,MCH0230020,-15.26791010869604,141.98698606147371
CUST023,MCH0230021,-14.857338826545195,123.37896014413744
CUST023,MCH0230022,-22.477205771399994,143.1523750194755
CUST023,MCH0230023,-28.61745552560791,123.89919531487931
CUST023,MCH0230024,-33.31558412980192,149.44388681853837
CUST023,MCH0230025,-18.634637078825598,138.1081684257575
CUST023,MCH0230026,-17.904113462057694,134.45961344620991
CUST023,MCH0230027,-23.663122846556178,131.57858166343559
CUST023,MCH0230028,-20.13055693977171,122.87387763627265
CUST023,MCH0230029,-14.8067380571803,144.29250822979623
CUST023,MCH0230030,-26.38438235378127,136.1091863181196
CUST023,MCH0230031,-30.867913051074684,149.92935330246928
CUST023,MCH0230032,-14.487807215948902,148.15860247812194
CUST024,MCH0240001,-26.758494474375787,121.73662822913823
CUST024,MCH0240002,-29.346898485474327,118.95904882568266
CUST024,MCH0240003,-31.317621452820234,118.30278914988807
CUST024,MCH0240004,-12.618804012095218,118.39942468625448
CUST024,MCH0240005,-31.050345259544606,144.83663630523486
CUST024,MCH0240006,-21.42483534002672,142.98204388038357
CUST024,MCH0240007,-20.335391832887915,146.76434496854608
CUST024,MCH0240008,-20.172948153058076,134.1265907609006
CUST024,MCH0240009,-18.575881584132055,131.50348558790304
CUST024,MCH0240010,-26.459627807548202,132.21460108100246
CUST024,MCH0240011,-30.251146740380946,143.75966771607446
CUST024,MCH0240012,-28.29486870127719,121.18895727643036
CUST024,MCH0240013,-28.603426801660625,145.3566623272056
CUST024,MCH0240014,-26.800672144648775,139.8803504196571
CUST024,MCH0240015,-15.487192940901604,118.52883780906897
CUST024,MCH0240016,-17.451975288672074,126.59905786990396
CUST024,MCH0240017,-29.24261917004308,139.98044098109932
CUST024,MCH0240018,-14.339372611235472,126.15517422580508
CUST024,MCH0240019,-21.67007318423714,125.97317739611715
CUST024,MCH0240020,-21.9828599068818,137.62735727596737
CUST024,MCH0240021,-20.777789141011134,137.68647757446038
CUST024,MCH0240022,-30.99578446732323,140.14327048249385
CUST024,MCH0240023,-19.392867337825198,139.75884308981261
CUST024,MCH0240024,-32.307483116117815,131.48404336873676
CUST024,MCH0240025,-25.105744661016807,118.8435730758763
CUST024,MCH0240026,-29.11908955021857,131.2777883761111
CUST024,MCH0240027,-17.927514338051232,124.12087890216168
CUST024,MCH0240028,-16.0603769323144,134.95751982945518
CUST024,MCH0240029,-17.550933768530722,132.38671501512368
CUST024,MCH0240030,-23.167324153422197,137.55215056722537
CUST024,MCH0240031,-13.948631924434778,133.06262160759314
CUST024,MCH0240032,-22.533862930671745,136.93009341981627
CUST024,MCH0240033,-18.043424548098894,118.32194677556683
CUST024,MCH0240034,-22.812720071777598,132.70386478113213
CUST024,MCH0240035,-14.083772838892234,133.12208097331558
CUST024,MCH0240036,-23.83110850407188,149.57321959756806
CUST024,MCH0240037,-24.212606032581043,122.14904350430537
CUST024,MCH0240038,-29.23630335967555,119.1410825956278
CUST024,MCH0240039,-33.88778522093269,130.96129270111692
CUST024,MCH0240040,-17.36128450208824,141.54467214227424
CUST024,MCH0240041,-33.20879461223872,135.80639991615055
CUST025,MCH0250001,-13.666859877559006,121.67451148751069
CUST025,MCH0250002,-20.427256819504144,127.2509665119584
CUST025,MCH0250003,-20.106431491766426,130.27027673588904
CUST025,MCH0250004,-17.567674375412512,123.89683729900781
CUST025,MCH0250005,-14.425475162343407,133.35735869089865
CUST025,MCH0250006,-17.64399732417366,145.6255297181831
CUST025,MCH0250007,-12.425184864471692,123.66049286234794
CUST025,MCH0250008,-27.73181310838572,124.59020134428928
CUST025,MCH0250009,-28.24826635856467,136.24381042803213
CUST025,MCH0250010,-12.539265752364376,150.5587608569557
CUST025,MCH0250011,-22.574375525710384,138.22985508029006
CUST025,MCH0250012,-15.41063331041547,148.54596439171803
CUST025,MCH0250013,-29.516996512414806,134.3518146858801
CUST025,MCH0250014,-15.994003324777484,126.44239288987417
CUST025,MCH0250015,-24.444105586669963,150.39530066307148
CUST025,MCH0250016,-12.721496020501274,147.6043490578579
CUST025,MCH0250017,-16.73336058619676,125.24648057537048
CUST025,MCH0250018,-27.001723407555467,135.00962772629111
CUST025,MCH0250019,-21.843286446916736,133.54314895943304
CUST025,MCH0250020,-20.211588981799416,130.1321380944179
CUST025,MCH0250021,-17.79275561771604,127.50760241939027
CUST025,MCH0250022,-26.790444565653416,120.26563126240316
CUST025,MCH0250023,-29.842687484378235,145.65328285013965
CUST025,MCH0250024,-24.304929720520505,123.79815930800447
CUST025,MCH0250025,-17.57416634951867,135.24473751617177
CUST025,MCH0250026,-33.44514575439919,126.9042871525187
CUST025,MCH0250027,-30.094469660891164,138.8211374204977
CUST025,MCH0250028,-27.986832626449562,118.07963195026902
CUST025,MCH0250029,-32.71889773225011,136.2186281583509
CUST025,MCH0250030,-33.43294570236207,145.59260317107672
CUST025,MCH0250031,-30.558961935968572,137.0904783653596
CUST025,MCH0250032,-24.339207397768966,131.3440883952398
CUST025,MCH0250033,-32.35636143925901,143.97660398244878
CUST025,MCH0250034,-14.699371577805067,116.18668502518642
CUST025,MCH0250035,-30.060010222511966,147.5270370267213
CUST025,MCH0250036,-22.085887324798747,121.06638919651218
CUST025,MCH0250037,-29.540005268903084,138.9655171727227
CUST025,MCH0250038,-18.316438321692228,136.83988098115572
CUST025,MCH0250039,-13.407309831880696,133.1416324885284
CUST025,MCH0250040,-27.444153888935674,132.55087514015045
CUST025,MCH0250041,-26.16717468616786,123.67699783288148
CUST025,MCH0250042,-32.91179013918699,128.16265852413585
CUST025,MCH0250043,-18.60469902424054,116.4471668809193
CUST025,MCH0250044,-24.4576619660724,138.4047299908904
CUST025,MCH0250045,-20.776311652752394,143.06036009969392
CUST025,MCH0250046,-16.473826113314352,140.7808743142705
CUST025,MCH0250047,-31.689849532887887,132.47328778455307
CUST025,MCH0250048,-20.926771914016413,124.41936796221175
CUST025,MCH0250049,-32.9851359205943,123.64802026274924
CUST025,MCH0250050,-24.119770362748262,130.3289541988165
CUST025,MCH0250051,-30.10165990146602,144.7369855481906
CUST025,MCH0250052,-13.99773662216042,122.8673259987503
CUST025,MCH0250053,-13.914182315304732,116.42691966704885
CUST025,MCH0250054,-14.013306836800673,149.21270053183986
CUST025,MCH0250055,-33.64088494515761,142.58197731686386
